<?xml version="1.0" encoding="UTF-8"?>
<Pedidos>
  <Año Año="2021">
    <Trimestre trimestre="1">
      <Pedido>
        <InformacionCliente>
          <Nombre>Juan</Nombre>
          <Apellidos>Pérez</Apellidos>
          <Telefono>678905432</Telefono>
          <Direccion>
            <Calle>Calle Mariano Moreno el Músico</Calle>
            <Ciudad>Getafe</Ciudad>
            <CodigoPostal>28903</CodigoPostal>
            <Provincia>Madrid</Provincia>
          </Direccion>
          <CorreoElectronico>juanperez@gmail.com</CorreoElectronico>
          <FechaInclusion>2021-01-01</FechaInclusion>
        </InformacionCliente>
        <DetallePedido>
          <NumeroPedido>1</NumeroPedido>
          <FechaCompra>2021-01-01</FechaCompra>
          <FechaEntrega>2021-01-07</FechaEntrega>
          <TotalFactura>20.00</TotalFactura>
          <Productos>
            <Producto>
              <NombreProducto>Camiseta</NombreProducto>
              <Referencia>0001</Referencia>
              <Precio>20.00</Precio>
              <Unidades>1</Unidades>
            </Producto>
          </Productos>
        </DetallePedido>
      </Pedido>
      <Pedido>
        <InformacionCliente>
          <Nombre>Jesus</Nombre>
          <Apellidos>Cabrera</Apellidos>
          <Telefono>675423190</Telefono>
          <Direccion>
            <Calle>Paseo de la Estación</Calle>
            <Ciudad>Getafe</Ciudad>
            <CodigoPostal>28904</CodigoPostal>
            <Provincia>Madrid</Provincia>
          </Direccion>
          <CorreoElectronico>jesuscabrera@gmail.com</CorreoElectronico>
          <FechaInclusion>2021-01-02</FechaInclusion>
        </InformacionCliente>
        <DetallePedido>
          <NumeroPedido>2</NumeroPedido>
          <FechaCompra>2021-01-02</FechaCompra>
          <FechaEntrega>2021-01-10</FechaEntrega>
          <TotalFactura>30.00</TotalFactura>
          <Productos>
            <Producto>
              <NombreProducto>Pantalón</NombreProducto>
              <Referencia>0002</Referencia>
              <Precio>15.00</Precio>
              <Unidades>2</Unidades>
            </Producto>
          </Productos>
        </DetallePedido>
      </Pedido>
      <Pedido>
        <InformacionCliente>
          <Nombre>Juan</Nombre>
          <Apellidos>Pérez</Apellidos>
          <Telefono>678905432</Telefono>
          <Direccion>
            <Calle>Calle Mariano Moreno el Músico</Calle>
            <Ciudad>Getafe</Ciudad>
            <CodigoPostal>28903</CodigoPostal>
            <Provincia>Madrid</Provincia>
          </Direccion>
          <CorreoElectronico>juanperez@gmail.com</CorreoElectronico>
          <FechaInclusion>2021-01-01</FechaInclusion>
        </InformacionCliente>
        <DetallePedido>
          <NumeroPedido>3</NumeroPedido>
          <FechaCompra>2021-01-15</FechaCompra>
          <FechaEntrega>2021-01-24</FechaEntrega>
          <TotalFactura>150.00</TotalFactura>
          <Productos>
            <Producto>
              <NombreProducto>Zapatillas</NombreProducto>
              <Referencia>0003</Referencia>
              <Precio>50.00</Precio>
              <Unidades>3</Unidades>
            </Producto>
          </Productos>
        </DetallePedido>
      </Pedido>
      <Pedido>
        <InformacionCliente>
          <Nombre>Juan</Nombre>
          <Apellidos>Pérez</Apellidos>
          <Telefono>678905432</Telefono>
          <Direccion>
            <Calle>Calle Mariano Moreno el Músico </Calle>
            <Ciudad>Getafe</Ciudad>
            <CodigoPostal>28903</CodigoPostal>
            <Provincia>Madrid</Provincia>
          </Direccion>
          <CorreoElectronico>juanperez@gmail.com</CorreoElectronico>
          <FechaInclusion>2021-01-01</FechaInclusion>
        </InformacionCliente>
        <DetallePedido>
          <NumeroPedido>4</NumeroPedido>
          <FechaCompra>2021-01-24</FechaCompra>
          <FechaEntrega>2021-01-30</FechaEntrega>
          <TotalFactura>120.00</TotalFactura>
          <Productos>
            <Producto>
              <NombreProducto>Sudadera</NombreProducto>
              <Referencia>0004</Referencia>
              <Precio>30.00</Precio>
              <Unidades>4</Unidades>
            </Producto>
          </Productos>
        </DetallePedido>
      </Pedido>
      <Pedido>
        <InformacionCliente>
          <Nombre>Juan</Nombre>
          <Apellidos>Pérez</Apellidos>
          <Telefono>678905432</Telefono>
          <Direccion>
            <Calle>Calle Mariano Moreno el Músico</Calle>
            <Ciudad>Getafe</Ciudad>
            <CodigoPostal>28903</CodigoPostal>
            <Provincia>Madrid</Provincia>
          </Direccion>
          <CorreoElectronico>juanperez@gmail.com</CorreoElectronico>
          <FechaInclusion>2021-01-01</FechaInclusion>
        </InformacionCliente>
        <DetallePedido>
          <NumeroPedido>5</NumeroPedido>
          <FechaCompra>2021-02-01</FechaCompra>
          <FechaEntrega>2021-02-10</FechaEntrega>
          <TotalFactura>25.00</TotalFactura>
          <Productos>
            <Producto>
              <NombreProducto>Calcetines</NombreProducto>
              <Referencia>0005</Referencia>
              <Precio>5.00</Precio>
              <Unidades>5</Unidades>
            </Producto>
          </Productos>
        </DetallePedido>
      </Pedido>
      <Pedido>
        <InformacionCliente>
          <Nombre>Beatriz</Nombre>
          <Apellidos>Navarro</Apellidos>
          <Telefono>635984217</Telefono>
          <Direccion>
            <Calle>Calle Hacienda de Pavones</Calle>
            <Ciudad>Madrid</Ciudad>
            <CodigoPostal>28030</CodigoPostal>
            <Provincia>Madrid</Provincia>
          </Direccion>
          <CorreoElectronico>beatriznavarro@gmail.com</CorreoElectronico>
          <FechaInclusion>2021-02-10</FechaInclusion>
        </InformacionCliente>
        <DetallePedido>
          <NumeroPedido>6</NumeroPedido>
          <FechaCompra>2021-02-10</FechaCompra>
          <FechaEntrega>2021-02-16</FechaEntrega>
          <TotalFactura>15.00</TotalFactura>
          <Productos>
            <Producto>
              <NombreProducto>Falda</NombreProducto>
              <Referencia>0006</Referencia>
              <Precio>2.50</Precio>
              <Unidades>6</Unidades>
            </Producto>
          </Productos>
        </DetallePedido>
      </Pedido>
      <Pedido>
        <InformacionCliente>
          <Nombre>Samanta</Nombre>
          <Apellidos>García</Apellidos>
          <Telefono>620014873</Telefono>
          <Direccion>
            <Calle>Paseo Fernan Nuñez</Calle>
            <Ciudad>Madrid</Ciudad>
            <CodigoPostal>28009</CodigoPostal>
            <Provincia>Madrid</Provincia>
          </Direccion>
          <CorreoElectronico>beatriznavarro@gmail.com</CorreoElectronico>
          <FechaInclusion>2021-02-16</FechaInclusion>
        </InformacionCliente>
        <DetallePedido>
          <NumeroPedido>7</NumeroPedido>
          <FechaCompra>2021-02-16</FechaCompra>
          <FechaEntrega>2021-02-22</FechaEntrega>
          <TotalFactura>70.00</TotalFactura>
          <Productos>
            <Producto>
              <NombreProducto>Abrigo</NombreProducto>
              <Referencia>0007</Referencia>
              <Precio>10</Precio>
              <Unidades>7</Unidades>
            </Producto>
          </Productos>
        </DetallePedido>
      </Pedido>
      <Pedido>
        <InformacionCliente>
          <Nombre>María</Nombre>
          <Apellidos>González</Apellidos>
          <Telefono>655884420</Telefono>
          <Direccion>
            <Calle>Calle Alcalá</Calle>
            <Ciudad>Fuenlabrada</Ciudad>
            <CodigoPostal>28014</CodigoPostal>
            <Provincia>Madrid</Provincia>
          </Direccion>
          <CorreoElectronico>mariagonzalez@gmail.com</CorreoElectronico>
          <FechaInclusion>2021-02-22</FechaInclusion>
        </InformacionCliente>
        <DetallePedido>
          <NumeroPedido>8</NumeroPedido>
          <FechaCompra>2021-02-22</FechaCompra>
          <FechaEntrega>2021-02-28</FechaEntrega>
          <TotalFactura>120.00</TotalFactura>
          <Productos>
            <Producto>
              <NombreProducto>Chaleco</NombreProducto>
              <Referencia>0008</Referencia>
              <Precio>15.00</Precio>
              <Unidades>8</Unidades>
            </Producto>
          </Productos>
        </DetallePedido>
      </Pedido>
      <Pedido>
        <InformacionCliente>
          <Nombre>Juan</Nombre>
          <Apellidos>Pérez</Apellidos>
          <Telefono>678905432</Telefono>
          <Direccion>
            <Calle>Calle Mariano Moreno el Músico</Calle>
            <Ciudad>Getafe</Ciudad>
            <CodigoPostal>28903</CodigoPostal>
            <Provincia>Madrid</Provincia>
          </Direccion>
          <CorreoElectronico>juanperez@gmail.com</CorreoElectronico>
          <FechaInclusion>2021-01-01</FechaInclusion>
        </InformacionCliente>
        <DetallePedido>
          <NumeroPedido>9</NumeroPedido>
          <FechaCompra>2021-02-28</FechaCompra>
          <FechaEntrega>2021-03-07</FechaEntrega>
          <TotalFactura>45.00</TotalFactura>
          <Productos>
            <Producto>
              <NombreProducto>Camisa</NombreProducto>
              <Referencia>0009</Referencia>
              <Precio>5.00</Precio>
              <Unidades>9</Unidades>
            </Producto>
          </Productos>
        </DetallePedido>
      </Pedido>
      <Pedido>
        <InformacionCliente>
          <Nombre>Rosa</Nombre>
          <Apellidos>Rodríguez</Apellidos>
          <Telefono>666998521</Telefono>
          <Direccion>
            <Calle>Calle Madrid</Calle>
            <Ciudad>Getafe</Ciudad>
            <CodigoPostal>28028</CodigoPostal>
            <Provincia>Madrid</Provincia>
          </Direccion>
          <CorreoElectronico>rosarodriguez@gmail.com</CorreoElectronico>
          <FechaInclusion>2021-03-07</FechaInclusion>
        </InformacionCliente>
        <DetallePedido>
          <NumeroPedido>10</NumeroPedido>
          <FechaCompra>2021-03-07</FechaCompra>
          <FechaEntrega>2021-03-14</FechaEntrega>
          <TotalFactura>50.00</TotalFactura>
          <Productos>
            <Producto>
              <NombreProducto>Guantes</NombreProducto>
              <Referencia>0010</Referencia>
              <Precio>5.00</Precio>
              <Unidades>10</Unidades>
            </Producto>
          </Productos>
        </DetallePedido>
      </Pedido>
    </Trimestre>
    <Trimestre trimestre="2">
      <Pedido>
        <InformacionCliente>
          <Nombre>José</Nombre>
          <Apellidos>Cecilia</Apellidos>
          <Telefono>658974120</Telefono>
          <Direccion>
            <Calle>Calle Arboleda</Calle>
            <Ciudad>Móstoles</Ciudad>
            <CodigoPostal>28901</CodigoPostal>
            <Provincia>Madrid</Provincia>
          </Direccion>
          <CorreoElectronico>josececilia@gmail.com</CorreoElectronico>
          <FechaInclusion>2021-04-01</FechaInclusion>
        </InformacionCliente>
        <DetallePedido>
          <NumeroPedido>11</NumeroPedido>
          <FechaCompra>2021-04-01</FechaCompra>
          <FechaEntrega>2021-04-07</FechaEntrega>
          <TotalFactura>27.50</TotalFactura>
          <Productos>
            <Producto>
              <NombreProducto>Chaqueta</NombreProducto>
              <Referencia>0001</Referencia>
              <Precio>27.50</Precio>
              <Unidades>1</Unidades>
            </Producto>
          </Productos>
        </DetallePedido>
      </Pedido>
      <Pedido>
        <InformacionCliente>
          <Nombre>Javier</Nombre>
          <Apellidos>Martínez</Apellidos>
          <Telefono>632145654</Telefono>
          <Direccion>
            <Calle>Calle Apolo</Calle>
            <Ciudad>Alcorcón</Ciudad>
            <CodigoPostal>28910</CodigoPostal>
            <Provincia>Madrid</Provincia>
          </Direccion>
          <CorreoElectronico>javiermartinez@gmail.com</CorreoElectronico>
          <FechaInclusion>2021-04-07</FechaInclusion>
        </InformacionCliente>
        <DetallePedido>
          <NumeroPedido>12</NumeroPedido>
          <FechaCompra>2021-04-07</FechaCompra>
          <FechaEntrega>2021-04-15</FechaEntrega>
          <TotalFactura>20.00</TotalFactura>
          <Productos>
            <Producto>
              <NombreProducto>Bufanda</NombreProducto>
              <Referencia>0002</Referencia>
              <Precio>10.00</Precio>
              <Unidades>2</Unidades>
            </Producto>
          </Productos>
        </DetallePedido>
      </Pedido>
      <Pedido>
        <InformacionCliente>
          <Nombre>Javier</Nombre>
          <Apellidos>Martínez</Apellidos>
          <Telefono>632145654</Telefono>
          <Direccion>
            <Calle>Calle Apolo</Calle>
            <Ciudad>Alcorcón</Ciudad>
            <CodigoPostal>28910</CodigoPostal>
            <Provincia>Madrid</Provincia>
          </Direccion>
          <CorreoElectronico>javiermartinez@gmail.com</CorreoElectronico>
          <FechaInclusion>2021-04-07</FechaInclusion>
        </InformacionCliente>
        <DetallePedido>
          <NumeroPedido>13</NumeroPedido>
          <FechaCompra>2021-04-15</FechaCompra>
          <FechaEntrega>2021-04-30</FechaEntrega>
          <TotalFactura>22.50</TotalFactura>
          <Productos>
            <Producto>
              <NombreProducto>Calzoncillos</NombreProducto>
              <Referencia>0003</Referencia>
              <Precio>7.50</Precio>
              <Unidades>3</Unidades>
            </Producto>
          </Productos>
        </DetallePedido>
      </Pedido>
      <Pedido>
        <InformacionCliente>
          <Nombre>Ana María</Nombre>
          <Apellidos>García</Apellidos>
          <Telefono>652314786</Telefono>
          <Direccion>
            <Calle>Calle Camerún</Calle>
            <Ciudad>Arroyomolinos</Ciudad>
            <CodigoPostal>28919</CodigoPostal>
            <Provincia>Madrid</Provincia>
          </Direccion>
          <CorreoElectronico>anagarcia@gmail.com</CorreoElectronico>
          <FechaInclusion>2021-04-30</FechaInclusion>
        </InformacionCliente>
        <DetallePedido>
          <NumeroPedido>14</NumeroPedido>
          <FechaCompra>2021-04-30</FechaCompra>
          <FechaEntrega>2021-05-07</FechaEntrega>
          <TotalFactura>30.00</TotalFactura>
          <Productos>
            <Producto>
              <NombreProducto>Bragas</NombreProducto>
              <Referencia>0004</Referencia>
              <Precio>7.50</Precio>
              <Unidades>4</Unidades>
            </Producto>
          </Productos>
        </DetallePedido>
      </Pedido>
      <Pedido>
        <InformacionCliente>
          <Nombre>Lucia</Nombre>
          <Apellidos>Mendéz</Apellidos>
          <Telefono>698874325</Telefono>
          <Direccion>
            <Calle>Calle Buhigas</Calle>
            <Ciudad>Valdemoro</Ciudad>
            <CodigoPostal>28996</CodigoPostal>
            <Provincia>Madrid</Provincia>
          </Direccion>
          <CorreoElectronico>luciamendez@gmail.com</CorreoElectronico>
          <FechaInclusion>2021-05-07</FechaInclusion>
        </InformacionCliente>
        <DetallePedido>
          <NumeroPedido>15</NumeroPedido>
          <FechaCompra>2021-05-07</FechaCompra>
          <FechaEntrega>2021-05-14</FechaEntrega>
          <TotalFactura>15.00</TotalFactura>
          <Productos>
            <Producto>
              <NombreProducto>Sujetador</NombreProducto>
              <Referencia>0005</Referencia>
              <Precio>3.00</Precio>
              <Unidades>5</Unidades>
            </Producto>
          </Productos>
        </DetallePedido>
      </Pedido>
      <Pedido>
        <InformacionCliente>
          <Nombre>Javier</Nombre>
          <Apellidos>Martínez</Apellidos>
          <Telefono>632145654</Telefono>
          <Direccion>
            <Calle>Calle Apolo </Calle>
            <Ciudad>Alcorcón</Ciudad>
            <CodigoPostal>28910</CodigoPostal>
            <Provincia>Madrid</Provincia>
          </Direccion>
          <CorreoElectronico>javiermartinez@gmail.com</CorreoElectronico>
          <FechaInclusion>2021-04-07</FechaInclusion>
        </InformacionCliente>
        <DetallePedido>
          <NumeroPedido>16</NumeroPedido>
          <FechaCompra>2021-05-14</FechaCompra>
          <FechaEntrega>2021-05-21</FechaEntrega>
          <TotalFactura>60.00</TotalFactura>
          <Productos>
            <Producto>
              <NombreProducto>Pulsera de acero</NombreProducto>
              <Referencia>0006</Referencia>
              <Precio>10.00</Precio>
              <Unidades>6</Unidades>
            </Producto>
          </Productos>
        </DetallePedido>
      </Pedido>
      <Pedido>
        <InformacionCliente>
          <Nombre>Jorge</Nombre>
          <Apellidos>Ortega</Apellidos>
          <Telefono>633322115</Telefono>
          <Direccion>
            <Calle>Calle Cádiz</Calle>
            <Ciudad>Pinto</Ciudad>
            <CodigoPostal>28225</CodigoPostal>
            <Provincia>Madrid</Provincia>
          </Direccion>
          <CorreoElectronico>jorgeortega@gmail.com</CorreoElectronico>
          <FechaInclusion>2021-05-21</FechaInclusion>
        </InformacionCliente>
        <DetallePedido>
          <NumeroPedido>17</NumeroPedido>
          <FechaCompra>2021-05-21</FechaCompra>
          <FechaEntrega>2021-05-30</FechaEntrega>
          <TotalFactura>140.00</TotalFactura>
          <Productos>
            <Producto>
              <NombreProducto>Cadena de plata</NombreProducto>
              <Referencia>0007</Referencia>
              <Precio>20.00</Precio>
              <Unidades>7</Unidades>
            </Producto>
          </Productos>
        </DetallePedido>
      </Pedido>
      <Pedido>
        <InformacionCliente>
          <Nombre>Javier</Nombre>
          <Apellidos>Martínez</Apellidos>
          <Telefono>632145654</Telefono>
          <Direccion>
            <Calle>Calle Apolo</Calle>
            <Ciudad>Alcorcón</Ciudad>
            <CodigoPostal>28910</CodigoPostal>
            <Provincia>Madrid</Provincia>
          </Direccion>
          <CorreoElectronico>javiermartinez@gmail.com</CorreoElectronico>
          <FechaInclusion>2021-04-07</FechaInclusion>
        </InformacionCliente>
        <DetallePedido>
          <NumeroPedido>18</NumeroPedido>
          <FechaCompra>2021-05-30</FechaCompra>
          <FechaEntrega>2021-06-10</FechaEntrega>
          <TotalFactura>160.00</TotalFactura>
          <Productos>
            <Producto>
              <NombreProducto>Pendientes de aro</NombreProducto>
              <Referencia>0008</Referencia>
              <Precio>20.00</Precio>
              <Unidades>8</Unidades>
            </Producto>
          </Productos>
        </DetallePedido>
      </Pedido>
      <Pedido>
        <InformacionCliente>
          <Nombre>Javier</Nombre>
          <Apellidos>Martínez</Apellidos>
          <Telefono>632145654</Telefono>
          <Direccion>
            <Calle>Calle Apolo</Calle>
            <Ciudad>Alcorcón</Ciudad>
            <CodigoPostal>28910</CodigoPostal>
            <Provincia>Madrid</Provincia>
          </Direccion>
          <CorreoElectronico>javiermartinez@gmail.com</CorreoElectronico>
          <FechaInclusion>2021-04-07</FechaInclusion>
        </InformacionCliente>
        <DetallePedido>
          <NumeroPedido>19</NumeroPedido>
          <FechaCompra>2021-06-10</FechaCompra>
          <FechaEntrega>2021-06-20</FechaEntrega>
          <TotalFactura>90.00</TotalFactura>
          <Productos>
            <Producto>
              <NombreProducto>Pendientes de diamante</NombreProducto>
              <Referencia>0009</Referencia>
              <Precio>10.00</Precio>
              <Unidades>9</Unidades>
            </Producto>
          </Productos>
        </DetallePedido>
      </Pedido>
      <Pedido>
        <InformacionCliente>
          <Nombre>Laura</Nombre>
          <Apellidos>Romero</Apellidos>
          <Telefono>632259874</Telefono>
          <Direccion>
            <Calle>Calle Cataluña</Calle>
            <Ciudad>Getafe</Ciudad>
            <CodigoPostal>28901</CodigoPostal>
            <Provincia>Madrid</Provincia>
          </Direccion>
          <CorreoElectronico>lauraromero@gmail.com</CorreoElectronico>
          <FechaInclusion>2021-06-20</FechaInclusion>
        </InformacionCliente>
        <DetallePedido>
          <NumeroPedido>20</NumeroPedido>
          <FechaCompra>2021-06-20</FechaCompra>
          <FechaEntrega>2021-06-30</FechaEntrega>
          <TotalFactura>50.00</TotalFactura>
          <Productos>
            <Producto>
              <NombreProducto>Gorra</NombreProducto>
              <Referencia>0010</Referencia>
              <Precio>5.00</Precio>
              <Unidades>10</Unidades>
            </Producto>
          </Productos>
        </DetallePedido>
      </Pedido>
      </Trimestre>
      <Trimestre trimestre="3">
        <Pedido>
          <InformacionCliente>
            <Nombre>Pablo</Nombre>
            <Apellidos>Molina</Apellidos>
            <Telefono>655231478</Telefono>
            <Direccion>
              <Calle>Calle Castilla</Calle>
              <Ciudad>Alcobendas</Ciudad>
              <CodigoPostal>28901</CodigoPostal>
              <Provincia>Madrid</Provincia>
            </Direccion>
            <CorreoElectronico>pablomolina@gmail.com</CorreoElectronico>
            <FechaInclusion>2021-07-01</FechaInclusion>
          </InformacionCliente>
          <DetallePedido>
            <NumeroPedido>21</NumeroPedido>
            <FechaCompra>2021-07-01</FechaCompra>
            <FechaEntrega>2021-07-07</FechaEntrega>
            <TotalFactura>25.00</TotalFactura>
            <Productos>
              <Producto>
                <NombreProducto>Camiseta de tiantes</NombreProducto>
                <Referencia>0001</Referencia>
                <Precio>25.00</Precio>
                <Unidades>1</Unidades>
              </Producto>
            </Productos>
          </DetallePedido>
        </Pedido>
        <Pedido>
          <InformacionCliente>
            <Nombre>Pablo</Nombre>
            <Apellidos>Molina</Apellidos>
            <Telefono>655231478</Telefono>
            <Direccion>
              <Calle>Calle Castilla</Calle>
              <Ciudad>Alcobendas</Ciudad>
              <CodigoPostal>28901</CodigoPostal>
              <Provincia>Madrid</Provincia>
            </Direccion>
            <CorreoElectronico>pablomolina@gmail.com</CorreoElectronico>
            <FechaInclusion>2021-07-01</FechaInclusion>
          </InformacionCliente>
          <DetallePedido>
            <NumeroPedido>22</NumeroPedido>
            <FechaCompra>2021-07-07</FechaCompra>
            <FechaEntrega>2021-07-15</FechaEntrega>
            <TotalFactura>200.00</TotalFactura>
            <Productos>
              <Producto>
                <NombreProducto>Traje</NombreProducto>
                <Referencia>0002</Referencia>
                <Precio>100.00</Precio>
                <Unidades>2</Unidades>
              </Producto>
            </Productos>
          </DetallePedido>
        </Pedido>
        <Pedido>
          <InformacionCliente>
            <Nombre>Raúl</Nombre>
            <Apellidos>Campos</Apellidos>
            <Telefono>655231008</Telefono>
            <Direccion>
              <Calle>Calle Cobre</Calle>
              <Ciudad>Ciempozuelos</Ciudad>
              <CodigoPostal>28564</CodigoPostal>
              <Provincia>Madrid</Provincia>
            </Direccion>
            <CorreoElectronico>raulcampos@gmail.com</CorreoElectronico>
            <FechaInclusion>2021-07-15</FechaInclusion>
          </InformacionCliente>
          <DetallePedido>
            <NumeroPedido>23</NumeroPedido>
            <FechaCompra>2021-07-15</FechaCompra>
            <FechaEntrega>2021-07-30</FechaEntrega>
            <TotalFactura>37.50</TotalFactura>
            <Productos>
              <Producto>
                <NombreProducto>Sombrero</NombreProducto>
                <Referencia>0003</Referencia>
                <Precio>12.50</Precio>
                <Unidades>3</Unidades>
              </Producto>
            </Productos>
          </DetallePedido>
        </Pedido>
        <Pedido>
          <InformacionCliente>
            <Nombre>Pablo</Nombre>
            <Apellidos>Molina</Apellidos>
            <Telefono>655231478</Telefono>
            <Direccion>
              <Calle>Calle Castilla</Calle>
              <Ciudad>Alcobendas</Ciudad>
              <CodigoPostal>28901</CodigoPostal>
              <Provincia>Madrid</Provincia>
            </Direccion>
            <CorreoElectronico>pablomolina@gmail.com</CorreoElectronico>
            <FechaInclusion>2021-07-01</FechaInclusion>
          </InformacionCliente>
          <DetallePedido>
            <NumeroPedido>24</NumeroPedido>
            <FechaCompra>2021-07-30</FechaCompra>
            <FechaEntrega>2021-08-10</FechaEntrega>
            <TotalFactura>22.00</TotalFactura>
            <Productos>
              <Producto>
                <NombreProducto>Gafas de sol</NombreProducto>
                <Referencia>0004</Referencia>
                <Precio>5.50</Precio>
                <Unidades>4</Unidades>
              </Producto>
            </Productos>
          </DetallePedido>
        </Pedido>
        <Pedido>
          <InformacionCliente>
            <Nombre>Miguel</Nombre>
            <Apellidos>Sierra</Apellidos>
            <Telefono>663288951</Telefono>
            <Direccion>
              <Calle>Calle Alta</Calle>
              <Ciudad>Rascafría</Ciudad>
              <CodigoPostal>28532</CodigoPostal>
              <Provincia>Madrid</Provincia>
            </Direccion>
            <CorreoElectronico>miguelsierra@gmail.com</CorreoElectronico>
            <FechaInclusion>2021-08-10</FechaInclusion>
          </InformacionCliente>
          <DetallePedido>
            <NumeroPedido>25</NumeroPedido>
            <FechaCompra>2021-08-10</FechaCompra>
            <FechaEntrega>2021-08-20</FechaEntrega>
            <TotalFactura>12.50</TotalFactura>
            <Productos>
              <Producto>
                <NombreProducto>Calcetines</NombreProducto>
                <Referencia>0005</Referencia>
                <Precio>2.50</Precio>
                <Unidades>5</Unidades>
              </Producto>
            </Productos>
          </DetallePedido>
        </Pedido>
        <Pedido>
          <InformacionCliente>
            <Nombre>Isabel</Nombre>
            <Apellidos>Sánchez</Apellidos>
            <Telefono>655217930</Telefono>
            <Direccion>
              <Calle>Calle Arce</Calle>
              <Ciudad>Guadarrama</Ciudad>
              <CodigoPostal>28301</CodigoPostal>
              <Provincia>Madrid</Provincia>
            </Direccion>
            <CorreoElectronico>isabelsanchez@gmail.com</CorreoElectronico>
            <FechaInclusion>2021-08-20</FechaInclusion>
          </InformacionCliente>
          <DetallePedido>
            <NumeroPedido>26</NumeroPedido>
            <FechaCompra>2021-08-20</FechaCompra>
            <FechaEntrega>2021-08-30</FechaEntrega>
            <TotalFactura>30.00</TotalFactura>
            <Productos>
              <Producto>
                <NombreProducto>Camisón</NombreProducto>
                <Referencia>0006</Referencia>
                <Precio>5.00</Precio>
                <Unidades>6</Unidades>
              </Producto>
            </Productos>
          </DetallePedido>
        </Pedido>
        <Pedido>
          <InformacionCliente>
            <Nombre>Pablo </Nombre>
            <Apellidos>Molina</Apellidos>
            <Telefono>655231478</Telefono>
            <Direccion>
              <Calle>Calle Castilla</Calle>
              <Ciudad>Alcobendas</Ciudad>
              <CodigoPostal>28901</CodigoPostal>
              <Provincia>Madrid</Provincia>
            </Direccion>
            <CorreoElectronico>pablomolina@gmail.com</CorreoElectronico>
            <FechaInclusion>2021-07-01</FechaInclusion>
          </InformacionCliente>
          <DetallePedido>
            <NumeroPedido>27</NumeroPedido>
            <FechaCompra>2021-08-30</FechaCompra>
            <FechaEntrega>2021-09-07</FechaEntrega>
            <TotalFactura>70.00</TotalFactura>
            <Productos>
              <Producto>
                <NombreProducto>Jersey</NombreProducto>
                <Referencia>0007</Referencia>
                <Precio>10.00</Precio>
                <Unidades>7</Unidades>
              </Producto>
            </Productos>
          </DetallePedido>
        </Pedido>
        <Pedido>
          <InformacionCliente>
            <Nombre>Carmen</Nombre>
            <Apellidos>Gil</Apellidos>
            <Telefono>6330012849</Telefono>
            <Direccion>
              <Calle>Calle Arenal</Calle>
              <Ciudad>Madrid</Ciudad>
              <CodigoPostal>28109</CodigoPostal>
              <Provincia>Madrid</Provincia>
            </Direccion>
            <CorreoElectronico>carmengil@gmail.com</CorreoElectronico>
            <FechaInclusion>2021-09-07</FechaInclusion>
          </InformacionCliente>
          <DetallePedido>
            <NumeroPedido>28</NumeroPedido>
            <FechaCompra>2021-09-07</FechaCompra>
            <FechaEntrega>2021-09-14</FechaEntrega>
            <TotalFactura>70.00</TotalFactura>
            <Productos>
              <Producto>
                <NombreProducto>Sandalias</NombreProducto>
                <Referencia>0008</Referencia>
                <Precio>240.00</Precio>
                <Unidades>8</Unidades>
              </Producto>
            </Productos>
          </DetallePedido>
        </Pedido>
        <Pedido>
          <InformacionCliente>
            <Nombre>Jessica</Nombre>
            <Apellidos>Serrano</Apellidos>
            <Telefono>622014756</Telefono>
            <Direccion>
              <Calle>Calle Amapola</Calle>
              <Ciudad>Parla</Ciudad>
              <CodigoPostal>28115</CodigoPostal>
              <Provincia>Madrid</Provincia>
            </Direccion>
            <CorreoElectronico>jessicaserrano@gmail.com</CorreoElectronico>
            <FechaInclusion>2021-09-14</FechaInclusion>
          </InformacionCliente>
          <DetallePedido>
            <NumeroPedido>29</NumeroPedido>
            <FechaCompra>2021-09-14</FechaCompra>
            <FechaEntrega>2021-09-21</FechaEntrega>
            <TotalFactura>18.00</TotalFactura>
            <Productos>
              <Producto>
                <NombreProducto>Top</NombreProducto>
                <Referencia>0009</Referencia>
                <Precio>2.00</Precio>
                <Unidades>9</Unidades>
              </Producto>
            </Productos>
          </DetallePedido>
        </Pedido>
        <Pedido>
          <InformacionCliente>
            <Nombre>Pablo</Nombre>
            <Apellidos>Molina</Apellidos>
            <Telefono>655231478</Telefono>
            <Direccion>
              <Calle>Calle Castilla</Calle>
              <Ciudad>Alcobendas</Ciudad>
              <CodigoPostal>28901</CodigoPostal>
              <Provincia>Madrid</Provincia>
            </Direccion>
            <CorreoElectronico>pablomolina@gmail.com</CorreoElectronico>
            <FechaInclusion>2021-07-01</FechaInclusion>
          </InformacionCliente>
          <DetallePedido>
            <NumeroPedido>30</NumeroPedido>
            <FechaCompra>2021-09-21</FechaCompra>
            <FechaEntrega>2021-09-30</FechaEntrega>
            <TotalFactura>75.00</TotalFactura>
            <Productos>
              <Producto>
                <NombreProducto>Chanclas</NombreProducto>
                <Referencia>0010</Referencia>
                <Precio>7.50</Precio>
                <Unidades>10</Unidades>
              </Producto>
            </Productos>
          </DetallePedido>
        </Pedido>
      </Trimestre>
      <Trimestre trimestre="4">
        <Pedido>
          <InformacionCliente>
            <Nombre>Aarón</Nombre>
            <Apellidos>Díaz</Apellidos>
            <Telefono>622014793</Telefono>
            <Direccion>
              <Calle>Calle de Almería</Calle>
              <Ciudad>Arroyomolinos</Ciudad>
              <CodigoPostal>28658</CodigoPostal>
              <Provincia>Madrid</Provincia>
            </Direccion>
            <CorreoElectronico>aarondiaz@gmail.com</CorreoElectronico>
            <FechaInclusion>2021-10-01</FechaInclusion>
          </InformacionCliente>
          <DetallePedido>
            <NumeroPedido>31</NumeroPedido>
            <FechaCompra>2021-10-01</FechaCompra>
            <FechaEntrega>2021-10-07</FechaEntrega>
            <TotalFactura>50.00</TotalFactura>
            <Productos>
              <Producto>
                <NombreProducto>Polo</NombreProducto>
                <Referencia>0001</Referencia>
                <Precio>50.00</Precio>
                <Unidades>1</Unidades>
              </Producto>
            </Productos>
          </DetallePedido>
        </Pedido>
        <Pedido>
          <InformacionCliente>
            <Nombre>Jose Luis</Nombre>
            <Apellidos>García</Apellidos>
            <Telefono>655203214</Telefono>
            <Direccion>
              <Calle>Calle Berlín</Calle>
              <Ciudad>Móstoles</Ciudad>
              <CodigoPostal>28938</CodigoPostal>
              <Provincia>Madrid</Provincia>
            </Direccion>
            <CorreoElectronico>joseluisgarcia@gmail.com</CorreoElectronico>
            <FechaInclusion>2021-10-07</FechaInclusion>
          </InformacionCliente>
          <DetallePedido>
            <NumeroPedido>32</NumeroPedido>
            <FechaCompra>2021-10-07</FechaCompra>
            <FechaEntrega>2021-10-14</FechaEntrega>
            <TotalFactura>30.00</TotalFactura>
            <Productos>
              <Producto>
                <NombreProducto>Camiseta deportiva</NombreProducto>
                <Referencia>0002</Referencia>
                <Precio>15.00</Precio>
                <Unidades>2</Unidades>
              </Producto>
            </Productos>
          </DetallePedido>
        </Pedido>
        <Pedido>
          <InformacionCliente>
            <Nombre>Sergio</Nombre>
            <Apellidos>Segura</Apellidos>
            <Telefono>655218230</Telefono>
            <Direccion>
              <Calle>Calle Colón</Calle>
              <Ciudad>Villaverde Alto</Ciudad>
              <CodigoPostal>28952</CodigoPostal>
              <Provincia>Madrid</Provincia>
            </Direccion>
            <CorreoElectronico>sergiosegura@gmail.com</CorreoElectronico>
            <FechaInclusion>2021-10-14</FechaInclusion>
          </InformacionCliente>
          <DetallePedido>
            <NumeroPedido>33</NumeroPedido>
            <FechaCompra>2021-10-14</FechaCompra>
            <FechaEntrega>2021-10-21</FechaEntrega>
            <TotalFactura>21.00</TotalFactura>
            <Productos>
              <Producto>
                <NombreProducto>Pantalón corto vaquero</NombreProducto>
                <Referencia>0003</Referencia>
                <Precio>7.00</Precio>
                <Unidades>3</Unidades>
              </Producto>
            </Productos>
          </DetallePedido>
        </Pedido>
        <Pedido>
          <InformacionCliente>
            <Nombre>Josefa</Nombre>
            <Apellidos>Gómez</Apellidos>
            <Telefono>699885201</Telefono>
            <Direccion>
              <Calle>Calle Castellón</Calle>
              <Ciudad>Álcala de Henares</Ciudad>
              <CodigoPostal>28985</CodigoPostal>
              <Provincia>Madrid</Provincia>
            </Direccion>
            <CorreoElectronico>josefagomez@gmail.com</CorreoElectronico>
            <FechaInclusion>2021-10-21</FechaInclusion>
          </InformacionCliente>
          <DetallePedido>
            <NumeroPedido>34</NumeroPedido>
            <FechaCompra>2021-10-21</FechaCompra>
            <FechaEntrega>2021-10-30</FechaEntrega>
            <TotalFactura>22.00</TotalFactura>
            <Productos>
              <Producto>
                <NombreProducto>Pantalón de cuero</NombreProducto>
                <Referencia>0004</Referencia>
                <Precio>5.50</Precio>
                <Unidades>4</Unidades>
              </Producto>
            </Productos>
          </DetallePedido>
        </Pedido>
        <Pedido>
          <InformacionCliente>
            <Nombre>Jose Luis</Nombre>
            <Apellidos>García</Apellidos>
            <Telefono>655203214</Telefono>
            <Direccion>
              <Calle>Calle Berlín</Calle>
              <Ciudad>Móstoles</Ciudad>
              <CodigoPostal>28938</CodigoPostal>
              <Provincia>Madrid</Provincia>
            </Direccion>
            <CorreoElectronico>joseluisgarcia@gmail.com</CorreoElectronico>
            <FechaInclusion>2021-10-07</FechaInclusion>
          </InformacionCliente>
          <DetallePedido>
            <NumeroPedido>35</NumeroPedido>
            <FechaCompra>2021-10-30</FechaCompra>
            <FechaEntrega>2021-11-10</FechaEntrega>
            <TotalFactura>75.00</TotalFactura>
            <Productos>
              <Producto>
                <NombreProducto>Pantalón corto chándal </NombreProducto>
                <Referencia>0005</Referencia>
                <Precio>15.00</Precio>
                <Unidades>5</Unidades>
              </Producto>
            </Productos>
          </DetallePedido>
        </Pedido>
        <Pedido>
          <InformacionCliente>
            <Nombre>Jose Luis</Nombre>
            <Apellidos>García</Apellidos>
            <Telefono>655203214</Telefono>
            <Direccion>
              <Calle>Calle Berlín</Calle>
              <Ciudad>Móstoles</Ciudad>
              <CodigoPostal>28938</CodigoPostal>
              <Provincia>Madrid</Provincia>
            </Direccion>
            <CorreoElectronico>joseluisgarcia@gmail.com</CorreoElectronico>
            <FechaInclusion>2021-10-07</FechaInclusion>
          </InformacionCliente>
          <DetallePedido>
            <NumeroPedido>36</NumeroPedido>
            <FechaCompra>2021-11-10</FechaCompra>
            <FechaEntrega>2021-11-20</FechaEntrega>
            <TotalFactura>120.00</TotalFactura>
            <Productos>
              <Producto>
                <NombreProducto>Cazadora </NombreProducto>
                <Referencia>0006</Referencia>
                <Precio>20.00</Precio>
                <Unidades>6</Unidades>
              </Producto>
            </Productos>
          </DetallePedido>
        </Pedido>
        <Pedido>
          <InformacionCliente>
            <Nombre>Rosalía</Nombre>
            <Apellidos>Vázquez</Apellidos>
            <Telefono>622013567</Telefono>
            <Direccion>
              <Calle>Calle Concha Espina</Calle>
              <Ciudad>Madrid</Ciudad>
              <CodigoPostal>28988</CodigoPostal>
              <Provincia>Madrid</Provincia>
            </Direccion>
            <CorreoElectronico>rosaliavazquez@gmail.com</CorreoElectronico>
            <FechaInclusion>2021-11-20</FechaInclusion>
          </InformacionCliente>
          <DetallePedido>
            <NumeroPedido>37</NumeroPedido>
            <FechaCompra>2021-11-20</FechaCompra>
            <FechaEntrega>2021-11-30</FechaEntrega>
            <TotalFactura>35.00</TotalFactura>
            <Productos>
              <Producto>
                <NombreProducto>Bikini </NombreProducto>
                <Referencia>0007</Referencia>
                <Precio>5.00</Precio>
                <Unidades>7</Unidades>
              </Producto>
            </Productos>
          </DetallePedido>
        </Pedido>
        <Pedido>
          <InformacionCliente>
            <Nombre>Jose Luis</Nombre>
            <Apellidos>García</Apellidos>
            <Telefono>655203214</Telefono>
            <Direccion>
              <Calle>Calle Berlín</Calle>
              <Ciudad>Móstoles</Ciudad>
              <CodigoPostal>28938</CodigoPostal>
              <Provincia>Madrid</Provincia>
            </Direccion>
            <CorreoElectronico>joseluisgarcia@gmail.com</CorreoElectronico>
            <FechaInclusion>2021-10-07</FechaInclusion>
          </InformacionCliente>
          <DetallePedido>
            <NumeroPedido>38</NumeroPedido>
            <FechaCompra>2021-11-30</FechaCompra>
            <FechaEntrega>2021-12-10</FechaEntrega>
            <TotalFactura>24.00</TotalFactura>
            <Productos>
              <Producto>
                <NombreProducto>Bañador </NombreProducto>
                <Referencia>0008</Referencia>
                <Precio>3.00</Precio>
                <Unidades>8</Unidades>
              </Producto>
            </Productos>
          </DetallePedido>
        </Pedido>
        <Pedido>
          <InformacionCliente>
            <Nombre>Ana</Nombre>
            <Apellidos>Ruiz</Apellidos>
            <Telefono>622014832</Telefono>
            <Direccion>
              <Calle>Paseo del Prado</Calle>
              <Ciudad>Madrid</Ciudad>
              <CodigoPostal>28564</CodigoPostal>
              <Provincia>Madrid</Provincia>
            </Direccion>
            <CorreoElectronico>anaruiz@gmail.com</CorreoElectronico>
            <FechaInclusion>2021-12-10</FechaInclusion>
          </InformacionCliente>
          <DetallePedido>
            <NumeroPedido>39</NumeroPedido>
            <FechaCompra>2021-12-10</FechaCompra>
            <FechaEntrega>2021-12-20</FechaEntrega>
            <TotalFactura>90.00</TotalFactura>
            <Productos>
              <Producto>
                <NombreProducto>Mono</NombreProducto>
                <Referencia>0009</Referencia>
                <Precio>10.00</Precio>
                <Unidades>9</Unidades>
              </Producto>
            </Productos>
          </DetallePedido>
        </Pedido>
        <Pedido>
          <InformacionCliente>
            <Nombre>Jose Luis</Nombre>
            <Apellidos>García</Apellidos>
            <Telefono>655203214</Telefono>
            <Direccion>
              <Calle>Calle Berlín</Calle>
              <Ciudad>Móstoles</Ciudad>
              <CodigoPostal>28938</CodigoPostal>
              <Provincia>Madrid</Provincia>
            </Direccion>
            <CorreoElectronico>joseluisgarcia@gmail.com</CorreoElectronico>
            <FechaInclusion>2021-10-07</FechaInclusion>
          </InformacionCliente>
          <DetallePedido>
            <NumeroPedido>40</NumeroPedido>
            <FechaCompra>2021-12-20</FechaCompra>
            <FechaEntrega>2021-12-30</FechaEntrega>
            <TotalFactura>100.00</TotalFactura>
            <Productos>
              <Producto>
                <NombreProducto>Gorra Lakers </NombreProducto>
                <Referencia>0010</Referencia>
                <Precio>10.00</Precio>
                <Unidades>10</Unidades>
              </Producto>
            </Productos>
          </DetallePedido>
        </Pedido>
      </Trimestre>
  </Año>
  <Año Año="2022">
    <Trimestre trimestre="1">
      <Pedido>
        <InformacionCliente>
          <Nombre>Mauro</Nombre>
          <Apellidos>Ortiz</Apellidos>
          <Telefono>620015931</Telefono>
          <Direccion>
            <Calle>Calle Cervantes</Calle>
            <Ciudad>Getafe</Ciudad>
            <CodigoPostal>28903</CodigoPostal>
            <Provincia>Madrid</Provincia>
          </Direccion>
          <CorreoElectronico>mauroortiz@gmail.com</CorreoElectronico>
          <FechaInclusion>2022-01-01</FechaInclusion>
        </InformacionCliente>
        <DetallePedido>
          <NumeroPedido>41</NumeroPedido>
          <FechaCompra>2022-01-01</FechaCompra>
          <FechaEntrega>2022-01-07</FechaEntrega>
          <TotalFactura>20.00</TotalFactura>
          <Productos>
            <Producto>
              <NombreProducto>Camiseta Calvin Klein</NombreProducto>
              <Referencia>0001</Referencia>
              <Precio>20.00</Precio>
              <Unidades>1</Unidades>
            </Producto>
          </Productos>
        </DetallePedido>
      </Pedido>
      <Pedido>
        <InformacionCliente>
          <Nombre>Andrés </Nombre>
          <Apellidos>Bautista</Apellidos>
          <Telefono>666633200</Telefono>
          <Direccion>
            <Calle>Calle Canarias</Calle>
            <Ciudad>Villaverde Bajo</Ciudad>
            <CodigoPostal>28954</CodigoPostal>
            <Provincia>Madrid</Provincia>
          </Direccion>
          <CorreoElectronico>andresbautista@gmail.com</CorreoElectronico>
          <FechaInclusion>2022-01-07</FechaInclusion>
        </InformacionCliente>
        <DetallePedido>
          <NumeroPedido>42</NumeroPedido>
          <FechaCompra>2022-01-07</FechaCompra>
          <FechaEntrega>2022-01-15</FechaEntrega>
          <TotalFactura>50.00</TotalFactura>
          <Productos>
            <Producto>
              <NombreProducto>Chaqueta Calvin Klein</NombreProducto>
              <Referencia>0002</Referencia>
              <Precio>25.00</Precio>
              <Unidades>2</Unidades>
            </Producto>
          </Productos>
        </DetallePedido>
      </Pedido>
      <Pedido>
        <InformacionCliente>
          <Nombre>Julia</Nombre>
          <Apellidos>Sevillano</Apellidos>
          <Telefono>655201478</Telefono>
          <Direccion>
            <Calle>Calle Carabanchel</Calle>
            <Ciudad>Getafe </Ciudad>
            <CodigoPostal>28914</CodigoPostal>
            <Provincia>Madrid</Provincia>
          </Direccion>
          <CorreoElectronico>juliasevillano@gmail.com</CorreoElectronico>
          <FechaInclusion>2022-01-15</FechaInclusion>
        </InformacionCliente>
        <DetallePedido>
          <NumeroPedido>43</NumeroPedido>
          <FechaCompra>2022-01-15</FechaCompra>
          <FechaEntrega>2022-01-22</FechaEntrega>
          <TotalFactura>30.00</TotalFactura>
          <Productos>
            <Producto>
              <NombreProducto>Blusa</NombreProducto>
              <Referencia>0003</Referencia>
              <Precio>10.00</Precio>
              <Unidades>3</Unidades>
            </Producto>
          </Productos>
        </DetallePedido>
      </Pedido>
      <Pedido>
        <InformacionCliente>
          <Nombre>Andrés </Nombre>
          <Apellidos>Bautista</Apellidos>
          <Telefono>666633200</Telefono>
          <Direccion>
            <Calle>Calle Canarias</Calle>
            <Ciudad>Villaverde Bajo</Ciudad>
            <CodigoPostal>28954</CodigoPostal>
            <Provincia>Madrid</Provincia>
          </Direccion>
          <CorreoElectronico>andresbautista@gmail.com</CorreoElectronico>
          <FechaInclusion>2022-01-07</FechaInclusion>
        </InformacionCliente>
        <DetallePedido>
          <NumeroPedido>44</NumeroPedido>
          <FechaCompra>2022-01-22</FechaCompra>
          <FechaEntrega>2022-01-30</FechaEntrega>
          <TotalFactura>250.00</TotalFactura>
          <Productos>
            <Producto>
              <NombreProducto>Abrigo North Face</NombreProducto>
              <Referencia>0004</Referencia>
              <Precio>250.00</Precio>
              <Unidades>1</Unidades>
            </Producto>
          </Productos>
        </DetallePedido>
      </Pedido>
      <Pedido>
        <InformacionCliente>
          <Nombre>Luz María </Nombre>
          <Apellidos>Guerra</Apellidos>
          <Telefono>655201495</Telefono>
          <Direccion>
            <Calle>Calle Chile</Calle>
            <Ciudad>Pinto</Ciudad>
            <CodigoPostal>28666</CodigoPostal>
            <Provincia>Madrid</Provincia>
          </Direccion>
          <CorreoElectronico>luzmariaguerra@gmail.com</CorreoElectronico>
          <FechaInclusion>2022-01-30</FechaInclusion>
        </InformacionCliente>
        <DetallePedido>
          <NumeroPedido>45</NumeroPedido>
          <FechaCompra>2022-01-30</FechaCompra>
          <FechaEntrega>2022-02-10</FechaEntrega>
          <TotalFactura>125.00</TotalFactura>
          <Productos>
            <Producto>
              <NombreProducto>Pantalones vaqueros anchos</NombreProducto>
              <Referencia>0005</Referencia>
              <Precio>25.00</Precio>
              <Unidades>5</Unidades>
            </Producto>
          </Productos>
        </DetallePedido>
      </Pedido>
      <Pedido>
        <InformacionCliente>
          <Nombre>Andrés </Nombre>
          <Apellidos>Bautista</Apellidos>
          <Telefono>666633200</Telefono>
          <Direccion>
            <Calle>Calle Canarias</Calle>
            <Ciudad>Villaverde Bajo</Ciudad>
            <CodigoPostal>28954</CodigoPostal>
            <Provincia>Madrid</Provincia>
          </Direccion>
          <CorreoElectronico>andresbautista@gmail.com</CorreoElectronico>
          <FechaInclusion>2022-01-07</FechaInclusion>
        </InformacionCliente>
        <DetallePedido>
          <NumeroPedido>46</NumeroPedido>
          <FechaCompra>2022-02-10</FechaCompra>
          <FechaEntrega>2022-02-20</FechaEntrega>
          <TotalFactura>200.00</TotalFactura>
          <Productos>
            <Producto>
              <NombreProducto>Deportivas de fútbol </NombreProducto>
              <Referencia>0006</Referencia>
              <Precio>100.00</Precio>
              <Unidades>2</Unidades>
            </Producto>
          </Productos>
        </DetallePedido>
      </Pedido>
      <Pedido>
        <InformacionCliente>
          <Nombre>Paula </Nombre>
          <Apellidos>Cubero</Apellidos>
          <Telefono>6520014892</Telefono>
          <Direccion>
            <Calle>Calle Carrera</Calle>
            <Ciudad>Vicálvaro</Ciudad>
            <CodigoPostal>28954</CodigoPostal>
            <Provincia>Madrid</Provincia>
          </Direccion>
          <CorreoElectronico>andresbautista@gmail.com</CorreoElectronico>
          <FechaInclusion>2022-02-20</FechaInclusion>
        </InformacionCliente>
        <DetallePedido>
          <NumeroPedido>47</NumeroPedido>
          <FechaCompra>2022-02-20</FechaCompra>
          <FechaEntrega>2022-02-28</FechaEntrega>
          <TotalFactura>70.00</TotalFactura>
          <Productos>
            <Producto>
              <NombreProducto>Guantes</NombreProducto>
              <Referencia>0007</Referencia>
              <Precio>10.00</Precio>
              <Unidades>7</Unidades>
            </Producto>
          </Productos>
        </DetallePedido>
      </Pedido>
      <Pedido>
        <InformacionCliente>
          <Nombre>Andrés </Nombre>
          <Apellidos>Bautista</Apellidos>
          <Telefono>666633200</Telefono>
          <Direccion>
            <Calle>Calle Canarias</Calle>
            <Ciudad>Villaverde Bajo</Ciudad>
            <CodigoPostal>28954</CodigoPostal>
            <Provincia>Madrid</Provincia>
          </Direccion>
          <CorreoElectronico>andresbautista@gmail.com</CorreoElectronico>
          <FechaInclusion>2022-01-07</FechaInclusion>
        </InformacionCliente>
        <DetallePedido>
          <NumeroPedido>48</NumeroPedido>
          <FechaCompra>2022-02-28</FechaCompra>
          <FechaEntrega>2022-03-10</FechaEntrega>
          <TotalFactura>160.00</TotalFactura>
          <Productos>
            <Producto>
              <NombreProducto>Sudadera Nike</NombreProducto>
              <Referencia>0006</Referencia>
              <Precio>20.00</Precio>
              <Unidades>8</Unidades>
            </Producto>
          </Productos>
        </DetallePedido>
      </Pedido>
      <Pedido>
        <InformacionCliente>
          <Nombre>Adrián</Nombre>
          <Apellidos>Agudo</Apellidos>
          <Telefono>6320014869</Telefono>
          <Direccion>
            <Calle>Calle Cambray</Calle>
            <Ciudad>Boadilla del Monte </Ciudad>
            <CodigoPostal>28963</CodigoPostal>
            <Provincia>Madrid</Provincia>
          </Direccion>
          <CorreoElectronico>adrianagudo@gmail.com</CorreoElectronico>
          <FechaInclusion>2022-03-10</FechaInclusion>
        </InformacionCliente>
        <DetallePedido>
          <NumeroPedido>49</NumeroPedido>
          <FechaCompra>2022-03-10</FechaCompra>
          <FechaEntrega>2022-03-20</FechaEntrega>
          <TotalFactura>67.50</TotalFactura>
          <Productos>
            <Producto>
              <NombreProducto>Sudadera Zara</NombreProducto>
              <Referencia>0009</Referencia>
              <Precio>7.50</Precio>
              <Unidades>9</Unidades>
            </Producto>
          </Productos>
        </DetallePedido>
      </Pedido>
      <Pedido>
        <InformacionCliente>
          <Nombre>Andrés </Nombre>
          <Apellidos>Bautista</Apellidos>
          <Telefono>666633200</Telefono>
          <Direccion>
            <Calle>Calle Canarias</Calle>
            <Ciudad>Villaverde Bajo</Ciudad>
            <CodigoPostal>28954</CodigoPostal>
            <Provincia>Madrid</Provincia>
          </Direccion>
          <CorreoElectronico>andresbautista@gmail.com</CorreoElectronico>
          <FechaInclusion>2022-01-07</FechaInclusion>
        </InformacionCliente>
        <DetallePedido>
          <NumeroPedido>50</NumeroPedido>
          <FechaCompra>2022-03-20</FechaCompra>
          <FechaEntrega>2022-03-30</FechaEntrega>
          <TotalFactura>200.00</TotalFactura>
          <Productos>
            <Producto>
              <NombreProducto>Camiseta Nike</NombreProducto>
              <Referencia>0010</Referencia>
              <Precio>20.00</Precio>
              <Unidades>10</Unidades>
            </Producto>
          </Productos>
        </DetallePedido>
      </Pedido>
    </Trimestre>
    <Trimestre trimestre="2">
      <Pedido>
        <InformacionCliente>
          <Nombre>Javier</Nombre>
          <Apellidos>Nieto</Apellidos>
          <Telefono>662031478</Telefono>
          <Direccion>
            <Calle>Calle Barrios</Calle>
            <Ciudad>Fuenlabrada</Ciudad>
            <CodigoPostal>28915</CodigoPostal>
            <Provincia>Madrid</Provincia>
          </Direccion>
          <CorreoElectronico>javiernieto@gmail.com</CorreoElectronico>
          <FechaInclusion>2022-04-01</FechaInclusion>
        </InformacionCliente>
        <DetallePedido>
          <NumeroPedido>51</NumeroPedido>
          <FechaCompra>2022-04-01</FechaCompra>
          <FechaEntrega>2022-04-07</FechaEntrega>
          <TotalFactura>50.00</TotalFactura>
          <Productos>
            <Producto>
              <NombreProducto>Pantalón chándal largo</NombreProducto>
              <Referencia>0001</Referencia>
              <Precio>50.00</Precio>
              <Unidades>1</Unidades>
            </Producto>
          </Productos>
        </DetallePedido>
      </Pedido>
      <Pedido>
        <InformacionCliente>
          <Nombre>Mario</Nombre>
          <Apellidos>Romero</Apellidos>
          <Telefono>620015482</Telefono>
          <Direccion>
            <Calle>Calle Burgos</Calle>
            <Ciudad>Humanes</Ciudad>
            <CodigoPostal>28541</CodigoPostal>
            <Provincia>Madrid</Provincia>
          </Direccion>
          <CorreoElectronico>marioromero@gmail.com</CorreoElectronico>
          <FechaInclusion>2022-04-07</FechaInclusion>
        </InformacionCliente>
        <DetallePedido>
          <NumeroPedido>52</NumeroPedido>
          <FechaCompra>2022-04-07</FechaCompra>
          <FechaEntrega>2022-04-14</FechaEntrega>
          <TotalFactura>50.00</TotalFactura>
          <Productos>
            <Producto>
              <NombreProducto>Americana</NombreProducto>
              <Referencia>0002</Referencia>
              <Precio>25.00</Precio>
              <Unidades>2</Unidades>
            </Producto>
          </Productos>
        </DetallePedido>
      </Pedido>
      <Pedido>
        <InformacionCliente>
          <Nombre>Alberto</Nombre>
          <Apellidos>Fuentes</Apellidos>
          <Telefono>632200158</Telefono>
          <Direccion>
            <Calle>Calle Bilbao</Calle>
            <Ciudad>Moncloa</Ciudad>
            <CodigoPostal>28555</CodigoPostal>
            <Provincia>Madrid</Provincia>
          </Direccion>
          <CorreoElectronico>albertofuentes@gmail.com</CorreoElectronico>
          <FechaInclusion>2022-04-14</FechaInclusion>
        </InformacionCliente>
        <DetallePedido>
          <NumeroPedido>53</NumeroPedido>
          <FechaCompra>2022-04-14</FechaCompra>
          <FechaEntrega>2022-04-21</FechaEntrega>
          <TotalFactura>7.50</TotalFactura>
          <Productos>
            <Producto>
              <NombreProducto>Calcetines de mariposas</NombreProducto>
              <Referencia>0003</Referencia>
              <Precio>2.50</Precio>
              <Unidades>3</Unidades>
            </Producto>
          </Productos>
        </DetallePedido>
      </Pedido>
      <Pedido>
        <InformacionCliente>
          <Nombre>Mario</Nombre>
          <Apellidos>Romero</Apellidos>
          <Telefono>620015482</Telefono>
          <Direccion>
            <Calle>Calle Burgos</Calle>
            <Ciudad>Humanes</Ciudad>
            <CodigoPostal>28541</CodigoPostal>
            <Provincia>Madrid</Provincia>
          </Direccion>
          <CorreoElectronico>marioromero@gmail.com</CorreoElectronico>
          <FechaInclusion>2022-04-07</FechaInclusion>
        </InformacionCliente>
        <DetallePedido>
          <NumeroPedido>54</NumeroPedido>
          <FechaCompra>2022-04-21</FechaCompra>
          <FechaEntrega>2022-04-30</FechaEntrega>
          <TotalFactura>20.00</TotalFactura>
          <Productos>
            <Producto>
              <NombreProducto>Calzoncillos</NombreProducto>
              <Referencia>0004</Referencia>
              <Precio>5.00</Precio>
              <Unidades>4</Unidades>
            </Producto>
          </Productos>
        </DetallePedido>
      </Pedido>  
      <Pedido>
        <InformacionCliente>
          <Nombre>Lucrecia</Nombre>
          <Apellidos>Aragón</Apellidos>
          <Telefono>655220049</Telefono>
          <Direccion>
            <Calle>Calle Acebo</Calle>
            <Ciudad>Villaviciosa ed Odón</Ciudad>
            <CodigoPostal>28653</CodigoPostal>
            <Provincia>Madrid</Provincia>
          </Direccion>
          <CorreoElectronico>lucreciaaragon@gmail.com</CorreoElectronico>
          <FechaInclusion>2022-04-30</FechaInclusion>
        </InformacionCliente>
        <DetallePedido>
          <NumeroPedido>55</NumeroPedido>
          <FechaCompra>2022-04-30</FechaCompra>
          <FechaEntrega>2022-05-10</FechaEntrega>
          <TotalFactura>12.50</TotalFactura>
          <Productos>
            <Producto>
              <NombreProducto>Top</NombreProducto>
              <Referencia>0005</Referencia>
              <Precio>2.50</Precio>
              <Unidades>5</Unidades>
            </Producto>
          </Productos>
        </DetallePedido>
      </Pedido>
      <Pedido>
        <InformacionCliente>
          <Nombre>Mario</Nombre>
          <Apellidos>Romero</Apellidos>
          <Telefono>620015482</Telefono>
          <Direccion>
            <Calle>Calle Burgos</Calle>
            <Ciudad>Humanes</Ciudad>
            <CodigoPostal>28541</CodigoPostal>
            <Provincia>Madrid</Provincia>
          </Direccion>
          <CorreoElectronico>marioromero@gmail.com</CorreoElectronico>
          <FechaInclusion>2022-04-07</FechaInclusion>
        </InformacionCliente>
        <DetallePedido>
          <NumeroPedido>56</NumeroPedido>
          <FechaCompra>2022-05-10</FechaCompra>
          <FechaEntrega>2022-05-20</FechaEntrega>
          <TotalFactura>200.00</TotalFactura>
          <Productos>
            <Producto>
              <NombreProducto>Zapatillas</NombreProducto>
              <Referencia>0006</Referencia>
              <Precio>100.00</Precio>
              <Unidades>2</Unidades>
            </Producto>
          </Productos>
        </DetallePedido>
      </Pedido>  
      <Pedido>
        <InformacionCliente>
          <Nombre>Javier</Nombre>
          <Apellidos>Muñoz</Apellidos>
          <Telefono>633001582</Telefono>
          <Direccion>
            <Calle>Calle Violeta</Calle>
            <Ciudad>Canillejas</Ciudad>
            <CodigoPostal>28666</CodigoPostal>
            <Provincia>Madrid</Provincia>
          </Direccion>
          <CorreoElectronico>javiermuñoz@gmail.com</CorreoElectronico>
          <FechaInclusion>2022-05-20</FechaInclusion>
        </InformacionCliente>
        <DetallePedido>
          <NumeroPedido>57</NumeroPedido>
          <FechaCompra>2022-05-20</FechaCompra>
          <FechaEntrega>2022-05-31</FechaEntrega>
          <TotalFactura>14.00</TotalFactura>
          <Productos>
            <Producto>
              <NombreProducto>Cmiseta de tirantes</NombreProducto>
              <Referencia>0007</Referencia>
              <Precio>2.00</Precio>
              <Unidades>7</Unidades>
            </Producto>
          </Productos>
        </DetallePedido>
      </Pedido>
      <Pedido>
        <InformacionCliente>
          <Nombre>Mario</Nombre>
          <Apellidos>Romero</Apellidos>
          <Telefono>620015482</Telefono>
          <Direccion>
            <Calle>Calle Burgos</Calle>
            <Ciudad>Humanes</Ciudad>
            <CodigoPostal>28541</CodigoPostal>
            <Provincia>Madrid</Provincia>
          </Direccion>
          <CorreoElectronico>marioromero@gmail.com</CorreoElectronico>
          <FechaInclusion>2022-04-07</FechaInclusion>
        </InformacionCliente>
        <DetallePedido>
          <NumeroPedido>58</NumeroPedido>
          <FechaCompra>2022-05-31</FechaCompra>
          <FechaEntrega>2022-06-10</FechaEntrega>
          <TotalFactura>40.00</TotalFactura>
          <Productos>
            <Producto>
              <NombreProducto>Bufanda</NombreProducto>
              <Referencia>0008</Referencia>
              <Precio>5.00</Precio>
              <Unidades>8</Unidades>
            </Producto>
          </Productos>
        </DetallePedido>
      </Pedido>
      <Pedido>
        <InformacionCliente>
          <Nombre>Cristina</Nombre>
          <Apellidos>León</Apellidos>
          <Telefono>655220123</Telefono>
          <Direccion>
            <Calle>Calle Acuario</Calle>
            <Ciudad>Chamartín</Ciudad>
            <CodigoPostal>28556</CodigoPostal>
            <Provincia>Madrid</Provincia>
          </Direccion>
          <CorreoElectronico>cristinaleon@gmail.com</CorreoElectronico>
          <FechaInclusion>2022-06-10</FechaInclusion>
        </InformacionCliente>
        <DetallePedido>
          <NumeroPedido>59</NumeroPedido>
          <FechaCompra>2022-06-10</FechaCompra>
          <FechaEntrega>2022-06-20</FechaEntrega>
          <TotalFactura>75.00</TotalFactura>
          <Productos>
            <Producto>
              <NombreProducto>Mallas Nike</NombreProducto>
              <Referencia>0009</Referencia>
              <Precio>25.00</Precio>
              <Unidades>3</Unidades>
            </Producto>
          </Productos>
        </DetallePedido>
      </Pedido>
      <Pedido>
        <InformacionCliente>
          <Nombre>Mario</Nombre>
          <Apellidos>Romero</Apellidos>
          <Telefono>620015482</Telefono>
          <Direccion>
            <Calle>Calle Burgos</Calle>
            <Ciudad>Humanes</Ciudad>
            <CodigoPostal>28541</CodigoPostal>
            <Provincia>Madrid</Provincia>
          </Direccion>
          <CorreoElectronico>marioromero@gmail.com</CorreoElectronico>
          <FechaInclusion>2022-04-07</FechaInclusion>
        </InformacionCliente>
        <DetallePedido>
          <NumeroPedido>60</NumeroPedido>
          <FechaCompra>2022-06-20</FechaCompra>
          <FechaEntrega>2022-06-30</FechaEntrega>
          <TotalFactura>60.00</TotalFactura>
          <Productos>
            <Producto>
              <NombreProducto>Pnatalones Cargo</NombreProducto>
              <Referencia>0010</Referencia>
              <Precio>30.00</Precio>
              <Unidades>2</Unidades>
            </Producto>
          </Productos>
        </DetallePedido>
      </Pedido> 
    </Trimestre>
    <Trimestre trimestre="3">
      <Pedido>
        <InformacionCliente>
          <Nombre>Rosa</Nombre>
          <Apellidos>Pazos</Apellidos>
          <Telefono>666333222</Telefono>
          <Direccion>
            <Calle>Calle San Antonio</Calle>
            <Ciudad>Soto del real</Ciudad>
            <CodigoPostal>28626</CodigoPostal>
            <Provincia>Madrid</Provincia>
          </Direccion>
          <CorreoElectronico>rosapazos@gmail.com</CorreoElectronico>
          <FechaInclusion>2022-07-01</FechaInclusion>
        </InformacionCliente>
        <DetallePedido>
          <NumeroPedido>61</NumeroPedido>
          <FechaCompra>2022-07-01</FechaCompra>
          <FechaEntrega>2022-07-07</FechaEntrega>
          <TotalFactura>2.50</TotalFactura>
          <Productos>
            <Producto>
              <NombreProducto>Bragas</NombreProducto>
              <Referencia>0001</Referencia>
              <Precio>2.50</Precio>
              <Unidades>1</Unidades>
            </Producto>
          </Productos>
        </DetallePedido>
      </Pedido>
      <Pedido>
        <InformacionCliente>
          <Nombre>Ramón</Nombre>
          <Apellidos>Moreno</Apellidos>
          <Telefono>677892034</Telefono>
          <Direccion>
            <Calle>Calle Ablanquejo</Calle>
            <Ciudad>Colmenar de Oreja</Ciudad>
            <CodigoPostal>28776</CodigoPostal>
            <Provincia>Madrid</Provincia>
          </Direccion>
          <CorreoElectronico>ramonmoreno@gmail.com</CorreoElectronico>
          <FechaInclusion>2022-07-07</FechaInclusion>
        </InformacionCliente>
        <DetallePedido>
          <NumeroPedido>62</NumeroPedido>
          <FechaCompra>2022-07-07</FechaCompra>
          <FechaEntrega>2022-07-14</FechaEntrega>
          <TotalFactura>25.00</TotalFactura>
          <Productos>
            <Producto>
              <NombreProducto>Pantalones de pana</NombreProducto>
              <Referencia>0002</Referencia>
              <Precio>12.50</Precio>
              <Unidades>2</Unidades>
            </Producto>
          </Productos>
        </DetallePedido>
      </Pedido>
      <Pedido>
        <InformacionCliente>
          <Nombre>Lucas</Nombre>
          <Apellidos>Moreno</Apellidos>
          <Telefono>655432789</Telefono>
          <Direccion>
            <Calle>Plaza del Ábaco</Calle>
            <Ciudad>Tres cantos</Ciudad>
            <CodigoPostal>28734</CodigoPostal>
            <Provincia>Madrid</Provincia>
          </Direccion>
          <CorreoElectronico>lucasmoreno@gmail.com</CorreoElectronico>
          <FechaInclusion>2022-07-14</FechaInclusion>
        </InformacionCliente>
        <DetallePedido>
          <NumeroPedido>63</NumeroPedido>
          <FechaCompra>2022-07-14</FechaCompra>
          <FechaEntrega>2022-07-21</FechaEntrega>
          <TotalFactura>16.50</TotalFactura>
          <Productos>
            <Producto>
              <NombreProducto>Camisetas de tirantes</NombreProducto>
              <Referencia>0003</Referencia>
              <Precio>5.50</Precio>
              <Unidades>3</Unidades>
            </Producto>
          </Productos>
        </DetallePedido>
      </Pedido>
      <Pedido>
        <InformacionCliente>
          <Nombre>Ramón</Nombre>
          <Apellidos>Moreno</Apellidos>
          <Telefono>677892034</Telefono>
          <Direccion>
            <Calle>Calle Ablanquejo</Calle>
            <Ciudad>Colmenar de Oreja</Ciudad>
            <CodigoPostal>28776</CodigoPostal>
            <Provincia>Madrid</Provincia>
          </Direccion>
          <CorreoElectronico>ramonmoreno@gmail.com</CorreoElectronico>
          <FechaInclusion>2022-07-07</FechaInclusion>
        </InformacionCliente>
        <DetallePedido>
          <NumeroPedido>64</NumeroPedido>
          <FechaCompra>2022-07-21</FechaCompra>
          <FechaEntrega>2022-07-30</FechaEntrega>
          <TotalFactura>101.00</TotalFactura>
          <Productos>
            <Producto>
              <NombreProducto>Abrigo</NombreProducto>
              <Referencia>0004</Referencia>
              <Precio>50.50</Precio>
              <Unidades>2</Unidades>
            </Producto>
          </Productos>
        </DetallePedido>
      </Pedido>
      <Pedido>
        <InformacionCliente>
          <Nombre>Leo</Nombre>
          <Apellidos>Gómez</Apellidos>
          <Telefono>666777888</Telefono>
          <Direccion>
            <Calle>Calle Amatista</Calle>
            <Ciudad>Griñon</Ciudad>
            <CodigoPostal>28989</CodigoPostal>
            <Provincia>Madrid</Provincia>
          </Direccion>
          <CorreoElectronico>leogomez@gmail.com</CorreoElectronico>
          <FechaInclusion>2022-07-30</FechaInclusion>
        </InformacionCliente>
        <DetallePedido>
          <NumeroPedido>65</NumeroPedido>
          <FechaCompra>2022-07-30</FechaCompra>
          <FechaEntrega>2022-08-10</FechaEntrega>
          <TotalFactura>60.00</TotalFactura>
          <Productos>
            <Producto>
              <NombreProducto>Cahqueta adidas</NombreProducto>
              <Referencia>0005</Referencia>
              <Precio>20.00</Precio>
              <Unidades>3</Unidades>
            </Producto>
          </Productos>
        </DetallePedido>
      </Pedido>
      <Pedido>
        <InformacionCliente>
          <Nombre>Ramón</Nombre>
          <Apellidos>Moreno</Apellidos>
          <Telefono>677892034</Telefono>
          <Direccion>
            <Calle>Calle Ablanquejo</Calle>
            <Ciudad>Colmenar de Oreja</Ciudad>
            <CodigoPostal>28776</CodigoPostal>
            <Provincia>Madrid</Provincia>
          </Direccion>
          <CorreoElectronico>ramonmoreno@gmail.com</CorreoElectronico>
          <FechaInclusion>2022-07-07</FechaInclusion>
        </InformacionCliente>
        <DetallePedido>
          <NumeroPedido>66</NumeroPedido>
          <FechaCompra>2022-08-10</FechaCompra>
          <FechaEntrega>2022-08-20</FechaEntrega>
          <TotalFactura>48.00</TotalFactura>
          <Productos>
            <Producto>
              <NombreProducto>Pnedientes de cruz</NombreProducto>
              <Referencia>0006</Referencia>
              <Precio>16.00</Precio>
              <Unidades>3</Unidades>
            </Producto>
          </Productos>
        </DetallePedido>
      </Pedido>
      <Pedido>
        <InformacionCliente>
          <Nombre>Pablo</Nombre>
          <Apellidos>Álvarez</Apellidos>
          <Telefono>654321789</Telefono>
          <Direccion>
            <Calle>Calle Amazonas</Calle>
            <Ciudad>Alcorcón</Ciudad>
            <CodigoPostal>28745</CodigoPostal>
            <Provincia>Madrid</Provincia>
          </Direccion>
          <CorreoElectronico>pabloalvarez@gmail.com</CorreoElectronico>
          <FechaInclusion>2022-08-20</FechaInclusion>
        </InformacionCliente>
        <DetallePedido>
          <NumeroPedido>67</NumeroPedido>
          <FechaCompra>2022-08-20</FechaCompra>
          <FechaEntrega>2022-08-30</FechaEntrega>
          <TotalFactura>150.00</TotalFactura>
          <Productos>
            <Producto>
              <NombreProducto>Camiseta de fútbol</NombreProducto>
              <Referencia>0007</Referencia>
              <Precio>50.00</Precio>
              <Unidades>3</Unidades>
            </Producto>
          </Productos>
        </DetallePedido>
      </Pedido>
      <Pedido>
        <InformacionCliente>
          <Nombre>Ramón</Nombre>
          <Apellidos>Moreno</Apellidos>
          <Telefono>677892034</Telefono>
          <Direccion>
            <Calle>Calle Ablanquejo</Calle>
            <Ciudad>Colmenar de Oreja</Ciudad>
            <CodigoPostal>28776</CodigoPostal>
            <Provincia>Madrid</Provincia>
          </Direccion>
          <CorreoElectronico>ramonmoreno@gmail.com</CorreoElectronico>
          <FechaInclusion>2022-07-07</FechaInclusion>
        </InformacionCliente>
        <DetallePedido>
          <NumeroPedido>68</NumeroPedido>
          <FechaCompra>2022-08-30</FechaCompra>
          <FechaEntrega>2022-09-10</FechaEntrega>
          <TotalFactura>24.00</TotalFactura>
          <Productos>
            <Producto>
              <NombreProducto>Camiseta Levi's</NombreProducto>
              <Referencia>0008</Referencia>
              <Precio>12.00</Precio>
              <Unidades>2</Unidades>
            </Producto>
          </Productos>
        </DetallePedido>
      </Pedido>
      <Pedido>
        <InformacionCliente>
          <Nombre>Hugo</Nombre>
          <Apellidos>Díaz</Apellidos>
          <Telefono>672938046</Telefono>
          <Direccion>
            <Calle>Calle Andalucía</Calle>
            <Ciudad>Torrejón de Ardoz</Ciudad>
            <CodigoPostal>28765</CodigoPostal>
            <Provincia>Madrid</Provincia>
          </Direccion>
          <CorreoElectronico>hugodiaz@gmail.com</CorreoElectronico>
          <FechaInclusion>2022-09-10</FechaInclusion>
        </InformacionCliente>
        <DetallePedido>
          <NumeroPedido>69</NumeroPedido>
          <FechaCompra>2022-09-10</FechaCompra>
          <FechaEntrega>2022-09-20</FechaEntrega>
          <TotalFactura>25.00</TotalFactura>
          <Productos>
            <Producto>
              <NombreProducto>Pantalones de pana</NombreProducto>
              <Referencia>0002</Referencia>
              <Precio>12.50</Precio>
              <Unidades>2</Unidades>
            </Producto>
          </Productos>
        </DetallePedido>
      </Pedido>
      <Pedido>
        <InformacionCliente>
          <Nombre>Ramón</Nombre>
          <Apellidos>Moreno</Apellidos>
          <Telefono>677892034</Telefono>
          <Direccion>
            <Calle>Calle Ablanquejo</Calle>
            <Ciudad>Colmenar de Oreja</Ciudad>
            <CodigoPostal>28776</CodigoPostal>
            <Provincia>Madrid</Provincia>
          </Direccion>
          <CorreoElectronico>ramonmoreno@gmail.com</CorreoElectronico>
          <FechaInclusion>2022-07-07</FechaInclusion>
        </InformacionCliente>
        <DetallePedido>
          <NumeroPedido>70</NumeroPedido>
          <FechaCompra>2022-09-20</FechaCompra>
          <FechaEntrega>2022-09-30</FechaEntrega>
          <TotalFactura>37.50</TotalFactura>
          <Productos>
            <Producto>
              <NombreProducto>Gorra</NombreProducto>
              <Referencia>0010</Referencia>
              <Precio>7.50</Precio>
              <Unidades>5</Unidades>
            </Producto>
          </Productos>
        </DetallePedido>
      </Pedido>
    </Trimestre>
    <Trimestre trimestre="4">
        <Pedido>
          <InformacionCliente>
            <Nombre>Manuel</Nombre>
            <Apellidos>Díaz</Apellidos>
            <Telefono>655432789</Telefono>
            <Direccion>
              <Calle>Calle de Almería</Calle>
              <Ciudad>Fuenlabrada</Ciudad>
              <CodigoPostal>28765</CodigoPostal>
              <Provincia>Madrid</Provincia>
            </Direccion>
            <CorreoElectronico>manueldiaz@gmail.com</CorreoElectronico>
            <FechaInclusion>2022-10-01</FechaInclusion>
          </InformacionCliente>
          <DetallePedido>
            <NumeroPedido>71</NumeroPedido>
            <FechaCompra>2022-10-01</FechaCompra>
            <FechaEntrega>2022-10-07</FechaEntrega>
            <TotalFactura>25.00</TotalFactura>
            <Productos>
              <Producto>
                <NombreProducto>Polo</NombreProducto>
                <Referencia>0001</Referencia>
                <Precio>25.00</Precio>
                <Unidades>1</Unidades>
              </Producto>
            </Productos>
          </DetallePedido>
        </Pedido>
        <Pedido>
          <InformacionCliente>
            <Nombre>Daniel</Nombre>
            <Apellidos>Muñoz</Apellidos>
            <Telefono>622014793</Telefono>
            <Direccion>
              <Calle>Calle Alegría</Calle>
              <Ciudad>Majadahonda</Ciudad>
              <CodigoPostal>28658</CodigoPostal>
              <Provincia>Madrid</Provincia>
            </Direccion>
            <CorreoElectronico>danielmuñoz@gmail.com</CorreoElectronico>
            <FechaInclusion>2022-10-07</FechaInclusion>
          </InformacionCliente>
          <DetallePedido>
            <NumeroPedido>72</NumeroPedido>
            <FechaCompra>2022-10-07</FechaCompra>
            <FechaEntrega>2022-10-14</FechaEntrega>
            <TotalFactura>30.00</TotalFactura>
            <Productos>
              <Producto>
                <NombreProducto>Pantalones de chandal cortos</NombreProducto>
                <Referencia>0002</Referencia>
                <Precio>15.00</Precio>
                <Unidades>2</Unidades>
              </Producto>
            </Productos>
          </DetallePedido>
        </Pedido>
        <Pedido>
          <InformacionCliente>
            <Nombre>Alejandro</Nombre>
            <Apellidos>Ruiz</Apellidos>
            <Telefono>655432170</Telefono>
            <Direccion>
              <Calle>Calle de Arrieta</Calle>
              <Ciudad>Madrid</Ciudad>
              <CodigoPostal>28644</CodigoPostal>
              <Provincia>Madrid</Provincia>
            </Direccion>
            <CorreoElectronico>alejandroruiz@gmail.com</CorreoElectronico>
            <FechaInclusion>2022-10-14</FechaInclusion>
          </InformacionCliente>
          <DetallePedido>
            <NumeroPedido>73</NumeroPedido>
            <FechaCompra>2022-10-14</FechaCompra>
            <FechaEntrega>2022-10-21</FechaEntrega>
            <TotalFactura>60.00</TotalFactura>
            <Productos>
              <Producto>
                <NombreProducto>Pantalones de chandal largos</NombreProducto>
                <Referencia>0003</Referencia>
                <Precio>20.00</Precio>
                <Unidades>3</Unidades>
              </Producto>
            </Productos>
          </DetallePedido>
        </Pedido>
        <Pedido>
          <InformacionCliente>
            <Nombre>Daniel</Nombre>
            <Apellidos>Muñoz</Apellidos>
            <Telefono>622014793</Telefono>
            <Direccion>
              <Calle>Calle Alegría</Calle>
              <Ciudad>Majadahonda</Ciudad>
              <CodigoPostal>28658</CodigoPostal>
              <Provincia>Madrid</Provincia>
            </Direccion>
            <CorreoElectronico>danielmuñoz@gmail.com</CorreoElectronico>
            <FechaInclusion>2022-10-07</FechaInclusion>
          </InformacionCliente>
          <DetallePedido>
            <NumeroPedido>74</NumeroPedido>
            <FechaCompra>2022-10-21</FechaCompra>
            <FechaEntrega>2022-10-30</FechaEntrega>
            <TotalFactura>300.00</TotalFactura>
            <Productos>
              <Producto>
                <NombreProducto>Cazadora de los BULLS</NombreProducto>
                <Referencia>0004</Referencia>
                <Precio>150.00</Precio>
                <Unidades>2</Unidades>
              </Producto>
            </Productos>
          </DetallePedido>
        </Pedido>
        <Pedido>
          <InformacionCliente>
            <Nombre>Mateo</Nombre>
            <Apellidos>Hernandéz</Apellidos>
            <Telefono>654332210</Telefono>
            <Direccion>
              <Calle>Calle Atalya</Calle>
              <Ciudad>Valdemaqueda</Ciudad>
              <CodigoPostal>28765</CodigoPostal>
              <Provincia>Madrid</Provincia>
            </Direccion>
            <CorreoElectronico>mateohernandez@gmail.com</CorreoElectronico>
            <FechaInclusion>2022-10-30</FechaInclusion>
          </InformacionCliente>
          <DetallePedido>
            <NumeroPedido>75</NumeroPedido>
            <FechaCompra>2022-10-30</FechaCompra>
            <FechaEntrega>2022-11-10</FechaEntrega>
            <TotalFactura>50.00</TotalFactura>
            <Productos>
              <Producto>
                <NombreProducto>Chanclas</NombreProducto>
                <Referencia>0005</Referencia>
                <Precio>10.00</Precio>
                <Unidades>5</Unidades>
              </Producto>
            </Productos>
          </DetallePedido>
        </Pedido>
        <Pedido>
          <InformacionCliente>
            <Nombre>Daniel</Nombre>
            <Apellidos>Muñoz</Apellidos>
            <Telefono>622014793</Telefono>
            <Direccion>
              <Calle>Calle Alegría</Calle>
              <Ciudad>Majadahonda</Ciudad>
              <CodigoPostal>28658</CodigoPostal>
              <Provincia>Madrid</Provincia>
            </Direccion>
            <CorreoElectronico>danielmuñoz@gmail.com</CorreoElectronico>
            <FechaInclusion>2022-10-07</FechaInclusion>
          </InformacionCliente>
          <DetallePedido>
            <NumeroPedido>76</NumeroPedido>
            <FechaCompra>2022-11-10</FechaCompra>
            <FechaEntrega>2022-11-20</FechaEntrega>
            <TotalFactura>200.00</TotalFactura>
            <Productos>
              <Producto>
                <NombreProducto>Traje</NombreProducto>
                <Referencia>0006</Referencia>
                <Precio>200.00</Precio>
                <Unidades>1</Unidades>
              </Producto>
            </Productos>
          </DetallePedido>
        </Pedido>
        <Pedido>
          <InformacionCliente>
            <Nombre>Martín</Nombre>
            <Apellidos>Jimenéz</Apellidos>
            <Telefono>655543289</Telefono>
            <Direccion>
              <Calle>Travesía del Almendro</Calle>
              <Ciudad>Madrid</Ciudad>
              <CodigoPostal>28089</CodigoPostal>
              <Provincia>Madrid</Provincia>
            </Direccion>
            <CorreoElectronico>martinjimenez@gmail.com</CorreoElectronico>
            <FechaInclusion>2022-11-20</FechaInclusion>
          </InformacionCliente>
          <DetallePedido>
            <NumeroPedido>77</NumeroPedido>
            <FechaCompra>2022-11-20</FechaCompra>
            <FechaEntrega>2022-11-30</FechaEntrega>
            <TotalFactura>100.00</TotalFactura>
            <Productos>
              <Producto>
                <NombreProducto>Camisa</NombreProducto>
                <Referencia>0007</Referencia>
                <Precio>10.00</Precio>
                <Unidades>10</Unidades>
              </Producto>
            </Productos>
          </DetallePedido>
        </Pedido>
        <Pedido>
          <InformacionCliente>
            <Nombre>Daniel</Nombre>
            <Apellidos>Muñoz</Apellidos>
            <Telefono>622014793</Telefono>
            <Direccion>
              <Calle>Calle Alegría</Calle>
              <Ciudad>Majadahonda</Ciudad>
              <CodigoPostal>28658</CodigoPostal>
              <Provincia>Madrid</Provincia>
            </Direccion>
            <CorreoElectronico>danielmuñoz@gmail.com</CorreoElectronico>
            <FechaInclusion>2022-10-07</FechaInclusion>
          </InformacionCliente>
          <DetallePedido>
            <NumeroPedido>78</NumeroPedido>
            <FechaCompra>2022-11-30</FechaCompra>
            <FechaEntrega>2022-12-10</FechaEntrega>
            <TotalFactura>100.00</TotalFactura>
            <Productos>
              <Producto>
                <NombreProducto>Pantalones chinos</NombreProducto>
                <Referencia>0008</Referencia>
                <Precio>20.00</Precio>
                <Unidades>5</Unidades>
              </Producto>
            </Productos>
          </DetallePedido>
        </Pedido>
        <Pedido>
          <InformacionCliente>
            <Nombre>Iker</Nombre>
            <Apellidos>Martín</Apellidos>
            <Telefono>677899054</Telefono>
            <Direccion>
              <Calle>Calle Arca del Agua</Calle>
              <Ciudad>Aranjuez</Ciudad>
              <CodigoPostal>28976</CodigoPostal>
              <Provincia>Madrid</Provincia>
            </Direccion>
            <CorreoElectronico>ikermartin@gmail.com</CorreoElectronico>
            <FechaInclusion>2022-12-10</FechaInclusion>
          </InformacionCliente>
          <DetallePedido>
            <NumeroPedido>79</NumeroPedido>
            <FechaCompra>2022-12-10</FechaCompra>
            <FechaEntrega>2022-12-20</FechaEntrega>
            <TotalFactura>150.00</TotalFactura>
            <Productos>
              <Producto>
                <NombreProducto>Zapatillas</NombreProducto>
                <Referencia>0009</Referencia>
                <Precio>75.00</Precio>
                <Unidades>2</Unidades>
              </Producto>
            </Productos>
          </DetallePedido>
        </Pedido>
        <Pedido>
          <InformacionCliente>
            <Nombre>Daniel</Nombre>
            <Apellidos>Muñoz</Apellidos>
            <Telefono>622014793</Telefono>
            <Direccion>
              <Calle>Calle Alegría</Calle>
              <Ciudad>Majadahonda</Ciudad>
              <CodigoPostal>28658</CodigoPostal>
              <Provincia>Madrid</Provincia>
            </Direccion>
            <CorreoElectronico>danielmuñoz@gmail.com</CorreoElectronico>
            <FechaInclusion>2022-10-07</FechaInclusion>
          </InformacionCliente>
          <DetallePedido>
            <NumeroPedido>80</NumeroPedido>
            <FechaCompra>2022-12-20</FechaCompra>
            <FechaEntrega>2022-12-30</FechaEntrega>
            <TotalFactura>80.00</TotalFactura>
            <Productos>
              <Producto>
                <NombreProducto>Chaqueta Jordan</NombreProducto>
                <Referencia>0010</Referencia>
                <Precio>80.00</Precio>
                <Unidades>1</Unidades>
              </Producto>
            </Productos>
          </DetallePedido>
        </Pedido>
    </Trimestre>
  </Año>
</Pedidos>